<?xml version="1.0"?>
<menu>
	<item id="menu" text="Menu">
		<item id="1" text="Inicio" img="Home.gif" />
		<item id="file_sep_1" type="separator"/>
		<item id="cerrar" text="Cerrar Sesion" img="close.gif"/>
	</item>	
	<item id="sistema" text="Sistema">

		<item id="11" text="Egresos" img="new.gif"/>
		<item id="12" text="Ingresos" img="new.gif"/>
		<item id="16" text="Depositos" img="new.gif"/>
		<item id="file_sep_2" type="separator"/>
		<item id="22" text="Inventario" img="new.gif"/>	
		<item id="file_sep_3" type="separator"/>
		<item id="18" text="Reporte de Servicio" img="new.gif"/>
		<item id="file_sep_4" type="separator"/>
		<item id="24" text="Consultar Saldos" img="new.gif"/>
		<item id="25" text="Estados de Cuenta" img="new.gif"/>
		<item id="28" text="Clientes a Cobrar" img="new.gif"/>
		<item id="file_sep_6" type="separator"/>
		<item id="27" text="Caja" img="new.gif"/>
		
	</item>
	<item id="catalogo" text="Catálogos">
		<item id="21" text="Equipos Inventario" img="new.gif"/>
		<item id="file_sep_5" type="separator"/>
		<item id="10" text="Clientes" img="new.gif"/>		
	</item>
	
	
	<item id="help" text="Ayuda">
		<item id="about" text="Acerca de..." img="about.gif"/>
		<item id="needhelp" text="Ayuda" img="help.gif"/>
		<item id="bugReporting" text="Reportar error" img="bug_reporting.gif"/>
	</item>
</menu>